<?xml version="1.0" encoding="utf-8"?>
<odoo>
    <data noupdate="1">

        <record model="ir.rule" id="portal_document_document_user_rule">
            <field name="name">Portal Document: User</field>
            <field name="model_id" ref="document_management.model_document_document"></field>
            <field name="groups" eval="[(4,ref('base.group_portal'))]"></field>
            <field name="domain_force">['|','|',
                ('directory_id.user_ids', 'in', [user.id]),
                ('message_partner_ids', 'in', [user.partner_id.id]),
                ('directory_id.department_id.member_ids', 'in', user.employee_ids.ids)]</field>
            <field eval="0" name="perm_create"></field>
            <field eval="0" name="perm_write"></field>
            <field eval="1" name="perm_read"></field>
            <field eval="0" name="perm_unlink"></field>
        </record>

    </data>
</odoo>
